{"cameraMode":{"drawMode":0,"name":"Shaded","section":"Shading Mode"},"sceneLighting":false,"audioPlay":false,"sceneViewState":{"m_AlwaysRefresh":false,"showFog":true,"showSkybox":false,"showFlares":true,"showImageEffects":true,"showParticleSystems":true,"showVisualEffectGraphs":true,"m_FxEnabled":true},"in2DMode":false,"pivot":{"x":2.9802322387695315e-8,"y":0.12500253319740296,"z":-5.960464477539063e-8},"rotation":{"x":0.06640532612800598,"y":0.39299118518829348,"z":-0.02845967561006546,"w":0.9167190790176392},"size":0.5153900980949402,"orthographic":false}